ID;SEASON;TRIAL;A_x;A_y;B_x;B_y;C_x;C_y;D_x;D_y;FOOD_x;FOOD_y;cmxpixel
20200804-2;winter;1;62.00543;73.2629;117.22064;15.72472;172.61454;72.90552;118.11409;127.22728;141.34379;26.8035;0.17869
20200804-2;winter;2;62.89888;73.44159;118.47147;16.43948;173.15061;72.19076;118.47147;127.04859;140.80772;27.51826;0.17869
20200804-2;winter;3;61.82674;72.90552;117.39933;16.97555;172.25716;72.72683;118.65016;127.58466;140.27165;27.51826;0.17869
20200804-2;winter;4;62.36281;73.2629;118.47147;16.43948;172.79323;72.19076;118.29278;126.69121;140.09296;26.98219;0.17869
20200804-2;winter;5;62.5415;73.2629;117.57802;17.69031;172.61454;72.36945;118.29278;127.76335;140.62903;27.87564;0.17869
20200804-2;winter;6;62.36281;72.36945;118.29278;16.26079;172.97192;72.36945;118.29278;127.40597;140.62903;26.98219;0.17869
20200804-2;winter;7;62.18412;73.08421;117.75671;16.61817;172.43585;72.19076;118.29278;126.69121;139.91427;26.08874;0.17869
20200804-2;winter;8;62.00543;72.90552;117.75671;17.51162;172.61454;72.19076;118.29278;127.58466;139.91427;28.23302;0.17869
20200804-2;winter;9;62.36281;72.90552;118.29278;15.90341;172.97192;72.01207;118.29278;126.69121;140.45034;27.33957;0.17869
20200804-2;winter;10;62.00543;73.44159;117.75671;16.43948;172.97192;71.83338;118.65016;126.8699;140.09296;26.98219;0.17869
20200625-3;winter;1;50.39058;74.69242;104.17627;18.22638;160.46362;72.90552;106.32055;128.47811;129.01418;26.62481;0.17869
20200625-3;winter;2;51.46272;74.87111;106.14186;17.51162;161.35707;72.01207;106.67793;127.94204;129.19287;26.98219;0.17869
20200625-3;winter;3;50.21189;74.51373;104.53365;17.51162;160.64231;72.36945;106.32055;127.40597;128.47811;26.62481;0.17869
20200625-3;winter;4;50.56927;74.87111;104.89103;17.51162;160.821;72.36945;106.67793;127.40597;127.94204;26.62481;0.17869
20200625-3;winter;5;50.56927;74.87111;103.99758;18.58376;160.64231;72.19076;106.85662;128.29942;126.8699;26.62481;0.17869
20200625-3;winter;6;50.74796;75.40718;105.96317;16.97555;162.07183;71.83338;106.67793;128.47811;128.47811;27.51826;0.17869
20200625-3;winter;7;50.74796;75.40718;105.24841;16.43948;161.71445;72.19076;106.67793;128.47811;128.29942;27.69695;0.17869
20200625-3;winter;8;49.67582;75.0498;104.89103;17.869;161.35707;72.72683;106.49924;129.37156;128.29942;28.05433;0.17869
20200625-3;winter;9;50.74796;75.22849;104.35496;16.79686;161.89314;72.54814;106.49924;128.12073;128.6568;28.05433;0.17869
20200625-3;winter;10;55.92997;68.97434;111.68125;13.40175;165.64563;69.33172;110.7878;123.2961;135.08964;25.0166;0.17869
20201031-1;winter;1;49.85451;74.87111;104.35496;19.29852;159.74886;75.40718;104.89103;129.19287;128.47811;29.84123;0.17869
20201031-1;winter;2;50.56927;75.58587;105.24841;19.83459;160.28493;75.0498;105.06972;129.37156;127.76335;31.27075;0.17869
20201031-1;winter;3;49.67582;74.69242;104.35496;20.01328;159.39148;75.0498;104.89103;129.19287;129.01418;30.91337;0.17869
20201031-1;winter;4;49.85451;74.15635;105.60579;19.47721;159.74886;75.22849;104.89103;128.83549;128.47811;30.19861;0.17869
20201031-1;winter;5;50.39058;75.22849;106.49924;19.83459;160.28493;75.0498;105.06972;129.37156;130.80108;31.98551;0.17869
20201031-1;winter;6;50.56927;75.0498;105.78448;20.01328;160.28493;75.22849;105.06972;129.72894;127.76335;31.27075;0.17869
20201031-1;winter;7;66.83006;77.55146;114.00422;29.12647;161.53576;76.12194;115.25505;123.47479;135.44702;36.09538;0.17869
20201031-1;winter;8;49.49713;74.69242;103.28282;20.01328;159.57017;75.40718;104.17627;129.55025;125.97645;30.91337;0.17869
20201031-1;winter;9;49.31844;74.51373;104.53365;18.94114;159.57017;75.22849;104.35496;128.6568;126.33383;31.80682;0.17869
20201031-1;winter;10;50.21189;75.22849;105.24841;20.01328;160.46362;75.94325;104.53365;129.37156;128.6568;31.44944;0.17869
20201101-1;winter;1;76.67806;90.770244;132.010606;33.779794;187.135914;88.905102;132.63232;144.03041;156.46469;43.934456;0.207238
20201101-1;winter;2;77.71425;89.941292;133.046796;33.572556;187.964866;88.905102;132.839558;144.03041;156.671928;44.970646;0.207238
20201101-1;winter;3;77.092536;89.734054;131.59613;33.779794;186.928676;88.697864;132.217844;142.579744;157.50088;43.934456;0.207238
20201101-1;winter;4;77.299774;90.14853;133.461272;33.15808;187.964866;88.697864;133.046796;143.408696;156.671928;43.51998;0.207238
20201101-1;winter;5;78.128726;89.734054;132.010606;33.779794;188.379342;88.697864;133.66851;143.408696;156.050214;44.55617;0.207238
20201101-1;winter;6;78.128726;89.941292;133.461272;33.365318;188.379342;88.697864;133.254034;143.408696;157.915356;45.59236;0.207238
20201101-1;winter;7;78.128726;89.319578;132.217844;33.779794;187.343152;88.283388;133.66851;142.579744;155.4285;42.069314;0.207238
20201101-1;winter;8;78.335964;89.734054;133.046796;33.779794;188.379342;88.490626;134.082986;143.408696;156.671928;44.55617;0.207238
20201101-1;winter;9;77.507012;89.11234;131.803368;33.15808;186.928676;89.526816;134.290224;142.165268;157.915356;42.069314;0.207238
20201101-1;winter;10;78.128726;89.941292;133.66851;33.365318;188.58658;88.905102;134.082986;143.823172;157.708118;42.276552;0.207238
20201101-3;winter;1;58.25294;74.69242;113.46815;17.69031;169.21943;72.90552;115.07636;128.6568;136.87654;28.5904;0.17869
20201101-3;winter;2;59.32508;74.69242;114.89767;18.22638;169.04074;73.2629;115.07636;128.29942;138.12737;29.66254;0.17869
20201101-3;winter;3;58.9677;74.15635;113.28946;18.04769;168.86205;73.62028;115.25505;128.29942;139.3782;29.30516;0.17869
20201101-3;winter;4;58.9677;73.97766;114.00422;18.22638;169.21943;73.44159;114.89767;127.58466;136.69785;28.76909;0.17869
20201101-3;winter;5;59.32508;74.51373;114.3616;18.58376;169.57681;73.79897;115.43374;128.6568;139.19951;25.55267;0.17869
20201101-3;winter;6;59.50377;74.51373;114.3616;18.22638;169.93419;73.08421;115.25505;127.94204;139.91427;27.33957;0.17869
20201101-3;winter;7;59.14639;74.33504;113.82553;17.869;169.39812;72.72683;115.25505;127.58466;138.30606;28.23302;0.17869
20201101-3;winter;8;58.78901;74.69242;114.00422;18.58376;169.04074;73.62028;114.54029;128.47811;138.66344;28.76909;0.17869
20201101-3;winter;9;59.14639;74.33504;113.28946;18.04769;169.21943;73.08421;115.07636;128.12073;136.16178;26.98219;0.17869
20201101-3;winter;10;59.32508;75.40718;114.54029;18.40507;169.7555;73.2629;115.25505;128.6568;141.34379;26.44612;0.17869
20201103-1;winter;1;63.07757;75.40718;117.9354;18.58376;171.89978;74.51373;118.11409;128.47811;142.59462;27.69695;0.17869
20201103-1;winter;2;63.25626;74.33504;119.00754;18.94114;172.79323;74.15635;118.65016;129.37156;143.13069;26.62481;0.17869
20201103-1;winter;3;62.36281;73.97766;117.9354;18.40507;171.89978;74.15635;118.47147;128.12073;142.05855;30.55599;0.17869
20201103-1;winter;4;62.72019;73.79897;117.75671;18.22638;172.43585;74.51373;118.29278;128.12073;139.55689;27.51826;0.17869
20201103-1;winter;5;62.89888;74.15635;118.11409;19.29852;172.79323;74.33504;118.29278;128.6568;140.45034;30.3773;0.17869
20201103-1;winter;6;62.89888;74.51373;118.65016;18.76245;172.61454;74.69242;117.75671;128.83549;142.952;30.55599;0.17869
20201103-1;winter;7;63.07757;74.51373;119.36492;18.58376;172.79323;74.15635;118.11409;128.12073;140.62903;29.30516;0.17869
20201103-1;winter;8;63.07757;73.79897;118.11409;19.11983;172.61454;74.33504;118.65016;129.19287;139.55689;29.12647;0.17869
20201103-1;winter;9;63.07757;73.79897;119.00754;18.76245;172.61454;73.79897;117.9354;127.94204;139.91427;28.5904;0.17869
20201103-1;winter;10;63.07757;74.33504;118.65016;18.58376;172.43585;73.97766;118.47147;128.29942;140.80772;26.8035;0.17869
20201103-2;winter;1;57.53818;72.90552;112.39601;17.15424;166.89646;73.44159;113.11077;126.69121;136.51916;26.8035;0.17869
20201103-2;winter;2;58.25294;73.08421;113.82553;17.51162;167.78991;73.08421;113.28946;127.40597;135.8044;27.51826;0.17869
20201103-2;winter;3;57.53818;72.54814;112.39601;17.69031;167.25384;73.44159;112.93208;127.22728;134.91095;27.87564;0.17869
20201103-2;winter;4;58.07425;72.72683;113.11077;17.33293;167.07515;73.08421;112.93208;126.51252;136.87654;27.16088;0.17869
20201103-2;winter;5;57.53818;72.90552;111.50256;17.69031;167.25384;73.08421;113.46815;127.58466;137.05523;28.23302;0.17869
20201103-2;winter;6;57.89556;72.72683;114.18291;17.33293;167.43253;72.72683;113.46815;126.51252;136.34047;26.26743;0.17869
20201103-2;winter;7;57.71687;72.01207;112.39601;17.15424;167.25384;72.72683;113.28946;126.8699;136.69785;27.87564;0.17869
20201103-2;winter;8;57.35949;73.08421;113.82553;17.51162;167.07515;73.08421;112.93208;127.22728;135.8044;26.44612;0.17869
20201103-2;winter;9;57.53818;72.01207;112.93208;17.51162;167.07515;72.72683;113.11077;126.69121;137.5913;26.44612;0.17869
20201103-2;winter;10;57.71687;72.72683;113.82553;17.15424;167.25384;73.2629;113.46815;126.69121;135.98309;26.26743;0.17869
20201103-3;winter;1;61.11198;72.72683;115.61243;16.61817;171.18502;70.40386;116.50588;125.97645;139.19951;25.0166;0.17869
20201103-3;winter;2;62.18412;73.79897;117.22064;16.97555;170.82764;70.40386;116.32719;125.79776;140.98641;27.16088;0.17869
20201103-3;winter;3;60.7546;72.54814;115.43374;16.26079;170.29157;71.11862;116.50588;125.61907;138.66344;26.44612;0.17869
20201103-3;winter;4;60.93329;72.72683;115.25505;16.61817;170.47026;70.93993;116.68457;125.61907;137.94868;25.73136;0.17869
20201103-3;winter;5;56.10866;68.25958;111.14518;14.11651;166.00301;68.79565;110.60911;123.2961;135.62571;23.58708;0.17869
20201103-3;winter;6;62.18412;73.44159;117.04195;17.15424;171.36371;71.476;117.57802;126.15514;139.91427;26.62481;0.17869
20201103-3;winter;7;61.46936;72.72683;116.1485;16.26079;171.00633;70.93993;117.39933;125.79776;137.94868;25.91005;0.17869
20201103-3;winter;8;61.29067;73.2629;115.43374;16.61817;170.82764;71.11862;117.9354;126.15514;138.84213;26.98219;0.17869
20201103-3;winter;9;61.64805;72.90552;115.96981;16.43948;171.00633;70.58255;117.75671;125.61907;139.02082;25.91005;0.17869
20201103-3;winter;10;61.82674;73.2629;116.50588;16.26079;171.36371;69.86779;117.39933;125.61907;139.55689;26.62481;0.17869
20201103-4;winter;1;54.32176;71.29731;111.14518;18.58376;164.21611;77.55146;107.57138;127.94204;135.62571;29.48385;0.17869
20201103-4;winter;2;55.75128;71.11862;113.11077;19.11983;164.57349;76.65801;107.57138;127.94204;134.73226;31.44944;0.17869
20201103-4;winter;3;54.14307;71.476;110.96649;18.94114;163.68004;76.47932;107.214;128.29942;135.44702;29.48385;0.17869
20201103-4;winter;4;54.67914;70.40386;112.93208;18.22638;164.03742;76.65801;107.214;127.40597;134.55357;29.84123;0.17869
20201103-4;winter;5;54.85783;71.29731;112.03863;18.94114;164.21611;77.01539;107.03531;128.29942;135.62571;29.30516;0.17869
20201103-4;winter;6;55.03652;71.65469;112.5747;18.76245;164.75218;76.65801;107.214;127.94204;137.41261;30.01992;0.17869
20201103-4;winter;7;54.67914;70.58255;111.85994;18.04769;164.57349;76.12194;107.214;127.58466;135.98309;28.76909;0.17869
20201103-4;winter;8;53.78569;71.11862;110.07304;18.40507;163.68004;76.30063;107.03531;127.76335;134.37488;29.12647;0.17869
20201103-4;winter;9;53.96438;70.76124;110.96649;18.22638;163.68004;76.8367;107.214;127.58466;133.30274;29.84123;0.17869
20201103-4;winter;10;55.21521;72.01207;112.93208;18.94114;164.75218;77.01539;107.214;128.83549;135.62571;30.91337;0.17869
20201103-5;winter;1;69.631968;88.07615;123.099372;31.707414;179.26087;87.03996;126.000704;141.336316;147.553456;42.276552;0.207238
20201103-5;winter;2;69.217492;88.697864;124.550038;32.12189;179.053632;86.625484;126.000704;141.336316;148.382408;42.898266;0.207238
20201103-5;winter;3;69.010254;88.07615;123.30661;31.914652;178.846394;86.418246;125.37899;141.750792;146.517266;41.862076;0.207238
20201103-5;winter;4;69.631968;87.868912;124.3428;31.914652;179.675346;86.625484;125.171752;141.336316;147.553456;41.862076;0.207238
20201103-5;winter;5;69.839206;88.697864;124.550038;32.12189;179.882584;86.418246;125.793466;141.543554;148.589646;42.069314;0.207238
20201103-5;winter;6;69.631968;88.905102;124.757276;31.914652;179.675346;86.211008;125.793466;141.336316;147.760694;42.898266;0.207238
20201103-5;winter;7;70.668158;88.905102;124.964514;31.292938;179.882584;86.625484;125.586228;141.129078;147.760694;39.996934;0.207238
20201103-5;winter;8;69.010254;88.283388;123.513848;32.743604;179.468108;86.625484;125.586228;142.165268;149.004122;41.862076;0.207238
20201103-5;winter;9;70.046444;88.283388;123.928324;31.292938;179.882584;86.625484;125.793466;141.129078;148.17517;41.033124;0.207238
20201103-5;winter;10;78.128726;88.905102;124.3428;32.743604;179.882584;87.03996;126.207942;142.372506;146.310028;41.240362;0.207238
20201104-1;winter;1;54.67914;72.54814;109.53697;16.97555;164.57349;73.08421;110.07304;126.51252;131.33715;27.33957;0.17869
20201104-1;winter;2;59.14639;73.08421;110.7878;16.79686;165.28825;71.83338;110.43042;126.69121;133.66012;24.83791;0.17869
20201104-1;winter;3;54.50045;72.72683;109.35828;17.33293;164.03742;72.36945;110.96649;127.04859;135.08964;28.05433;0.17869
20201104-1;winter;4;55.75128;72.36945;111.50256;16.43948;165.10956;72.01207;109.35828;125.97645;134.55357;27.51826;0.17869
20201104-1;winter;5;55.3939;71.83338;110.07304;17.15424;164.3948;72.90552;110.43042;126.69121;133.83881;27.87564;0.17869
20201104-1;winter;6;56.10866;72.54814;110.96649;16.79686;165.28825;72.54814;110.43042;126.8699;135.26833;27.69695;0.17869
20201104-1;winter;7;55.57259;71.83338;111.14518;16.79686;165.28825;72.54814;110.25173;126.15514;135.44702;27.69695;0.17869
20201104-1;winter;8;54.67914;72.54814;110.96649;17.15424;164.57349;72.54814;109.71566;126.69121;132.76667;26.08874;0.17869
20201104-1;winter;9;55.03652;71.476;109.89435;16.97555;164.57349;72.36945;110.43042;125.79776;133.12405;26.62481;0.17869
20201104-1;winter;10;56.10866;73.08421;111.68125;16.79686;166.00301;72.54814;110.60911;127.04859;132.2306;24.83791;0.17869
20201106-1;winter;1;64.68578;76.30063;119.54361;19.47721;173.86537;74.51373;120.25837;128.6568;143.48807;29.12647;0.17869
20201106-1;winter;2;65.22185;76.47932;119.54361;19.47721;178.15393;74.15635;120.25837;129.19287;144.38152;30.73468;0.17869
20201106-1;winter;3;64.68578;76.12194;119.18623;19.6559;173.50799;73.79897;120.25837;129.19287;144.20283;28.76909;0.17869
20201106-1;winter;4;65.04316;75.76456;119.7223;19.47721;174.58013;73.97766;120.25837;128.83549;144.02414;30.91337;0.17869
20201106-1;winter;5;65.04316;75.58587;119.7223;19.83459;174.58013;74.15635;120.61575;129.37156;144.20283;28.5904;0.17869
20201106-1;winter;6;64.86447;76.30063;119.7223;19.29852;174.40144;73.62028;120.25837;128.83549;144.02414;28.05433;0.17869
20201106-1;winter;7;65.04316;75.0498;119.54361;19.29852;174.58013;73.2629;120.25837;128.6568;144.20283;27.69695;0.17869
20201106-1;winter;8;65.40054;74.69242;119.18623;19.29852;174.58013;73.79897;120.97313;129.01418;143.13069;27.51826;0.17869
20201106-1;winter;9;65.04316;74.87111;119.54361;19.29852;174.58013;73.62028;120.25837;128.12073;144.02414;27.87564;0.17869
20201106-1;winter;10;65.04316;75.76456;119.7223;19.6559;174.58013;73.79897;120.43706;128.83549;144.02414;40.20525;0.17869
20201106-2;winter;1;64.68578;75.0498;120.43706;20.37066;173.86537;76.30063;119.18623;129.55025;145.45366;29.12647;0.17869
20201106-2;winter;2;65.22185;75.0498;121.15182;19.83459;174.04406;75.94325;119.54361;129.55025;142.23724;31.27075;0.17869
20201106-2;winter;3;64.14971;75.94325;119.90099;19.83459;173.50799;75.94325;119.54361;129.37156;144.56021;31.62813;0.17869
20201106-2;winter;4;64.86447;73.97766;121.15182;19.29852;174.22275;75.58587;119.54361;129.01418;142.05855;28.23302;0.17869
20201106-2;winter;5;64.14971;74.15635;120.79444;20.19197;173.68668;75.94325;119.18623;129.19287;142.59462;29.84123;0.17869
20201106-2;winter;6;64.68578;74.87111;121.15182;19.83459;174.04406;75.40718;119.36492;129.19287;143.48807;28.23302;0.17869
20201106-2;winter;7;64.86447;74.15635;120.97313;19.11983;174.40144;75.40718;119.18623;129.01418;143.30938;28.23302;0.17869
20201106-2;winter;8;64.68578;74.69242;121.15182;19.83459;173.50799;75.76456;119.36492;129.37156;142.77331;29.30516;0.17869
20201106-2;winter;9;64.68578;74.15635;120.79444;19.6559;174.04406;75.58587;119.54361;129.19287;145.27497;31.62813;0.17869
20201106-2;winter;10;65.04316;75.0498;121.86658;20.01328;174.40144;76.12194;119.54361;129.37156;143.48807;29.66254;0.17869
20201031-1;spring;1;52.89224;70.58255;107.03531;14.11651;163.14397;68.25958;109.0009;124.01086;132.2306;24.65922;0.17869
20201031-1;spring;2;54.50045;71.11862;109.0009;13.75913;163.85873;68.43827;109.53697;123.83217;132.94536;25.0166;0.17869
20201031-1;spring;3;53.24962;70.58255;106.67793;14.11651;162.96528;68.79565;109.53697;123.47479;132.76667;24.30184;0.17869
20201031-1;spring;4;54.32176;70.04648;109.35828;13.04437;164.03742;67.36613;109.35828;123.2961;131.33715;23.58708;0.17869
20201031-1;spring;5;53.78569;70.40386;107.57138;14.47389;163.14397;68.61696;109.35828;124.01086;131.15846;23.58708;0.17869
20201031-1;spring;6;55.03652;70.76124;108.64352;13.93782;164.57349;67.9022;109.53697;123.83217;133.12405;25.37398;0.17869
20201031-1;spring;7;53.96438;69.86779;108.64352;13.40175;163.50135;67.72351;109.35828;123.11741;130.80108;23.2297;0.17869
20201031-1;spring;8;53.96438;69.6891;107.75007;13.75913;163.50135;68.43827;109.53697;123.2961;131.87322;25.19529;0.17869
20201031-1;spring;9;53.42831;69.6891;107.75007;13.75913;163.32266;67.72351;109.53697;123.2961;129.55025;24.12315;0.17869
20201031-1;spring;10;54.50045;70.76124;109.35828;14.11651;162.96528;68.25958;109.35828;123.83217;131.69453;23.94446;0.17869
20201101-1;spring;1;53.24962;71.11862;108.64352;13.75913;162.78659;68.08089;109.0009;123.47479;130.26501;22.15756;0.17869
20201101-1;spring;2;54.14307;70.22517;108.46483;13.58044;163.68004;68.08089;109.17959;123.2961;132.05191;21.4428;0.17869
20201101-1;spring;3;52.71355;70.58255;107.57138;14.2952;162.78659;69.15303;109.35828;123.47479;129.19287;22.51494;0.17869
20201101-1;spring;4;53.07093;70.22517;107.92876;13.75913;163.14397;67.36613;109.35828;123.2961;129.37156;21.97887;0.17869
20201101-1;spring;5;52.53486;70.22517;107.03531;14.83127;162.78659;68.79565;109.53697;123.83217;128.83549;23.40839;0.17869
20201101-1;spring;6;54.32176;70.93993;107.92876;14.11651;163.68004;67.9022;109.53697;123.65348;130.80108;24.12315;0.17869
20201101-1;spring;7;54.32176;69.86779;108.64352;13.75913;163.68004;67.54482;109.35828;123.2961;132.58798;23.58708;0.17869
20201101-1;spring;8;53.07093;70.58255;108.10745;14.83127;162.6079;68.61696;109.53697;124.18955;130.4437;23.2297;0.17869
20201101-1;spring;9;53.78569;70.40386;108.10745;13.93782;163.32266;67.36613;109.35828;123.2961;130.4437;21.4428;0.17869
20201101-1;spring;10;54.85783;70.93993;108.46483;13.75913;164.21611;68.61696;109.53697;123.65348;132.94536;21.26411;0.17869
20201101-3;spring;1;52.89224;70.93993;106.67793;13.93782;162.78659;68.08089;109.53697;123.83217;131.51584;20.54935;0.17869
20201101-3;spring;2;53.78569;70.58255;108.64352;14.65258;163.32266;68.08089;109.53697;124.18955;132.58798;21.62149;0.17869
20201101-3;spring;3;53.07093;70.93993;107.214;14.11651;162.78659;68.79565;109.53697;123.83217;132.05191;21.4428;0.17869
20201101-3;spring;4;53.07093;70.22517;107.39269;13.75913;162.6079;67.9022;109.53697;123.2961;130.26501;24.48053;0.17869
20201101-3;spring;5;53.42831;70.22517;106.67793;13.93782;163.14397;68.61696;109.17959;123.65348;130.80108;25.0166;0.17869
20201101-3;spring;6;53.96438;70.76124;108.46483;14.47389;163.85873;67.72351;109.71566;123.2961;130.26501;22.69363;0.17869
20201101-3;spring;7;54.32176;69.51041;108.46483;13.58044;163.68004;67.54482;109.17959;123.11741;128.47811;23.76577;0.17869
20201101-3;spring;8;53.07093;70.58255;107.75007;14.65258;162.96528;68.25958;109.35828;124.18955;132.58798;24.30184;0.17869
20201101-3;spring;9;54.32176;70.76124;108.46483;13.75913;163.85873;67.9022;109.35828;122.93872;129.37156;23.58708;0.17869
20201101-3;spring;10;54.50045;70.40386;107.75007;13.58044;163.85873;67.9022;109.53697;123.2961;130.26501;22.51494;0.17869
20201103-1;spring;1;53.07093;70.93993;106.67793;14.11651;162.96528;68.43827;109.53697;123.83217;129.37156;23.76577;0.17869
20201103-1;spring;2;53.78569;70.93993;106.67793;14.47389;163.68004;68.61696;109.35828;124.01086;132.40929;23.05101;0.17869
20201103-1;spring;3;52.89224;70.93993;106.32055;13.93782;162.6079;68.43827;109.53697;123.2961;129.55025;24.83791;0.17869
20201103-1;spring;4;53.96438;70.04648;106.67793;13.75913;163.68004;68.79565;109.53697;123.2961;130.80108;24.65922;0.17869
20201103-1;spring;5;53.07093;70.58255;107.03531;14.47389;162.42921;68.61696;109.53697;124.01086;131.51584;22.15756;0.17869
20201103-1;spring;6;54.32176;70.22517;107.75007;14.2952;163.68004;68.97434;109.53697;123.83217;131.87322;24.48053;0.17869
20201103-1;spring;7;53.78569;70.22517;108.10745;13.75913;163.50135;67.9022;109.53697;123.11741;130.80108;24.48053;0.17869
20201103-1;spring;8;53.24962;70.22517;107.92876;14.47389;163.32266;68.08089;109.53697;123.65348;133.12405;22.69363;0.17869
20201103-1;spring;9;53.78569;69.86779;108.46483;13.75913;163.50135;67.9022;109.71566;123.11741;132.94536;24.65922;0.17869
20201103-1;spring;10;53.96438;70.22517;108.10745;14.2952;163.68004;68.25958;109.53697;123.83217;129.90763;24.48053;0.17869
20201103-4;spring;1;53.07093;70.58255;106.67793;13.93782;162.6079;68.61696;109.35828;123.83217;130.26501;24.12315;0.17869
20201103-4;spring;2;53.96438;70.22517;108.64352;13.75913;163.68004;68.25958;109.35828;123.2961;132.05191;24.48053;0.17869
20201103-4;spring;3;53.07093;70.93993;107.03531;13.93782;162.6079;68.43827;109.53697;124.18955;132.58798;24.48053;0.17869
20201103-4;spring;4;52.53486;69.86779;106.85662;13.40175;163.14397;67.54482;109.35828;123.11741;132.58798;21.80018;0.17869
20201103-4;spring;5;54.32176;69.6891;108.46483;14.47389;164.03742;68.79565;109.53697;124.18955;130.80108;25.91005;0.17869
20201103-4;spring;6;54.32176;71.11862;109.0009;14.2952;164.21611;68.79565;109.53697;124.01086;133.83881;25.0166;0.17869
20201103-4;spring;7;53.42831;69.6891;107.57138;13.75913;163.32266;67.9022;109.53697;123.11741;129.01418;22.15756;0.17869
20201103-4;spring;8;53.24962;70.22517;108.28614;14.47389;163.14397;68.79565;109.35828;123.83217;130.62239;22.15756;0.17869
20201103-4;spring;9;53.78569;69.6891;108.10745;13.40175;163.14397;67.54482;109.53697;123.2961;130.80108;23.2297;0.17869
20201103-4;spring;10;54.32176;70.40386;108.46483;14.2952;163.85873;68.61696;109.53697;123.65348;132.94536;21.80018;0.17869
20201103-5;spring;1;52.89224;70.93993;107.214;14.2952;162.6079;68.25958;108.82221;123.83217;130.80108;23.2297;0.17869
20201103-5;spring;2;53.78569;70.58255;107.75007;14.47389;163.50135;68.61696;108.64352;123.83217;131.15846;25.0166;0.17869
20201103-5;spring;3;53.07093;70.93993;106.67793;14.47389;162.96528;68.61696;108.64352;123.65348;131.15846;23.94446;0.17869
20201103-5;spring;4;53.07093;70.22517;107.214;13.75913;162.6079;67.54482;108.28614;123.2961;129.19287;25.91005;0.17869
20201103-5;spring;5;53.07093;70.22517;107.39269;14.47389;162.6079;67.9022;109.53697;123.83217;130.62239;25.19529;0.17869
20201103-5;spring;6;53.96438;70.93993;108.10745;14.11651;163.68004;68.43827;109.53697;123.65348;133.12405;25.37398;0.17869
20201103-5;spring;7;53.24962;69.51041;107.39269;13.58044;163.14397;67.54482;109.53697;123.11741;130.26501;24.48053;0.17869
20201103-5;spring;8;53.42831;70.04648;107.75007;14.47389;163.14397;68.61696;109.35828;123.83217;129.90763;25.0166;0.17869
20201103-5;spring;9;53.96438;69.6891;107.92876;14.11651;163.68004;67.9022;109.53697;123.47479;131.33715;23.76577;0.17869
20201103-5;spring;10;54.14307;70.22517;107.92876;13.93782;163.68004;68.08089;109.89435;123.2961;130.97977;24.48053;0.17869
20201106-1;spring;1;52.89224;70.22517;106.67793;13.75913;162.25052;68.25958;109.17959;123.2961;127.40597;23.40839;0.17869
20201106-1;spring;2;53.78569;70.93993;107.92876;14.47389;163.32266;68.97434;109.17959;123.65348;127.94204;24.65922;0.17869
20201106-1;spring;3;52.89224;70.58255;106.49924;14.47389;162.6079;68.61696;109.53697;123.83217;129.01418;24.12315;0.17869
20201106-1;spring;4;53.07093;70.22517;107.214;13.93782;162.6079;67.9022;109.17959;123.47479;128.47811;21.62149;0.17869
20201106-1;spring;5;53.24962;70.04648;107.75007;14.47389;162.96528;68.97434;109.35828;123.83217;130.08632;25.91005;0.17869
20201106-1;spring;6;53.78569;70.22517;108.46483;14.65258;163.32266;68.61696;109.35828;124.18955;130.62239;24.65922;0.17869
20201106-1;spring;7;53.78569;70.40386;107.92876;13.75913;163.50135;67.9022;108.82221;123.2961;130.26501;23.2297;0.17869
20201106-1;spring;8;53.78569;70.58255;107.57138;14.65258;163.14397;68.79565;109.0009;124.01086;130.80108;24.65922;0.17869
20201106-1;spring;9;53.78569;70.22517;108.28614;14.2952;163.50135;68.97434;109.0009;123.83217;132.05191;27.33957;0.17869
20201106-1;spring;10;53.607;70.58255;107.92876;14.2952;163.14397;68.08089;109.0009;124.01086;134.37488;22.87232;0.17869
20200623-1;summer;1;162.346366;163.826728;120.649503;101.898251;183.318161;59.21448;226.001932;122.376592;135.69985;126.570951;0.246727
20200623-1;summer;2;162.099639;164.073455;120.89623;100.911343;183.318161;58.474299;226.495386;120.649503;136.686758;129.778402;0.246727
20200623-1;summer;3;163.086547;164.073455;120.89623;101.898251;183.564888;58.721026;226.742113;121.636411;135.946577;127.804586;0.246727
20200623-1;summer;4;162.83982;163.580001;120.649503;100.911343;183.071434;57.980845;226.495386;121.389684;134.712942;127.311132;0.246727
20200623-1;summer;5;163.086547;163.580001;120.89623;100.417889;183.564888;57.240664;226.98884;120.402776;135.453123;128.051313;0.246727
20200623-1;summer;6;163.086547;164.073455;120.89623;99.677708;184.058342;58.227572;226.98884;121.142957;135.206396;130.76531;0.246727
20200623-1;summer;7;162.593093;164.073455;120.649503;101.15807;183.071434;57.980845;226.495386;121.389684;134.712942;127.804586;0.246727
20200623-1;summer;8;163.580001;164.073455;121.142957;100.171162;183.564888;58.227572;227.235567;121.142957;136.440031;129.778402;0.246727
20200623-1;summer;9;162.099639;163.580001;120.649503;101.15807;182.57798;57.980845;226.742113;121.636411;134.466215;127.064405;0.246727
20200623-1;summer;10;162.83982;163.580001;120.89623;100.417889;183.318161;57.734118;226.742113;121.142957;134.712942;128.051313;0.246727
20200625-3;summer;1;179.617256;162.593093;134.959669;100.417889;197.134873;55.760302;240.805552;118.42896;149.516562;128.791494;0.246727
20200625-3;summer;2;178.877075;161.852912;135.206396;98.937527;197.628327;56.007029;241.052279;119.169141;149.269835;126.817678;0.246727
20200625-3;summer;3;178.630348;162.593093;134.712942;101.15807;197.3816;56.500483;240.805552;118.42896;148.529654;128.544767;0.246727
20200625-3;summer;4;178.630348;161.852912;134.712942;99.184254;196.888146;56.007029;240.805552;118.922414;149.269835;127.804586;0.246727
20200625-3;summer;5;179.123802;161.606185;134.959669;98.937527;197.628327;55.266848;241.052279;117.195325;149.516562;125.584043;0.246727
20200625-3;summer;6;179.370529;162.099639;135.206396;98.937527;197.3816;55.760302;241.299006;118.922414;150.50347;127.064405;0.246727
20200625-3;summer;7;179.370529;162.099639;134.959669;99.184254;197.134873;56.007029;241.052279;118.182233;150.010016;125.83077;0.246727
20200625-3;summer;8;180.604164;162.346366;135.206396;99.677708;197.875054;56.500483;241.545733;117.935506;152.477286;126.570951;0.246727
20200625-3;summer;9;178.877075;161.852912;134.712942;99.430981;197.3816;55.513575;241.052279;118.675687;149.516562;126.570951;0.246727
20200625-3;summer;10;179.123802;162.099639;134.712942;98.6908;197.134873;55.020121;241.545733;117.442052;149.023108;125.090589;0.246727
20200625-7;summer;1;152.477286;157.90528;111.02715;94.496441;172.7089;52.552851;216.132852;113.741147;123.856954;122.376592;0.246727
20200625-7;summer;2;151.983832;156.671645;111.520604;94.249714;173.202354;51.565943;216.873033;114.728055;123.610227;121.636411;0.246727
20200625-7;summer;3;153.217467;157.411826;111.02715;94.989895;173.449081;52.552851;216.379579;115.221509;124.843862;123.610227;0.246727
20200625-7;summer;4;153.217467;157.165099;111.02715;94.743168;173.449081;51.81267;216.132852;114.234601;124.350408;121.142957;0.246727
20200625-7;summer;5;152.477286;156.918372;111.767331;93.75626;173.449081;51.81267;216.379579;114.234601;124.843862;121.636411;0.246727
20200625-7;summer;6;153.217467;157.658553;111.767331;95.236622;173.202354;52.059397;216.873033;116.455144;126.570951;121.636411;0.246727
20200625-7;summer;7;152.724013;156.918372;111.767331;94.002987;173.202354;51.81267;215.886125;115.221509;124.103681;120.402776;0.246727
20200625-7;summer;8;153.217467;157.411826;112.260785;94.249714;174.189262;52.306124;217.11976;113.987874;124.103681;119.169141;0.246727
20200625-7;summer;9;152.724013;157.411826;111.02715;93.75626;174.189262;51.81267;216.132852;113.49442;126.077497;119.415868;0.246727
20200625-7;summer;10;153.710921;156.671645;111.767331;94.989895;173.695808;51.81267;216.132852;115.221509;125.337316;121.142957;0.246727
20200731-2;summer;1;182.084526;164.813636;136.686758;103.131886;197.875054;58.721026;243.272822;119.415868;150.750197;131.258764;0.246727
20200731-2;summer;2;181.837799;164.813636;137.180212;102.638432;197.628327;58.474299;243.026095;119.662595;149.516562;128.791494;0.246727
20200731-2;summer;3;184.058342;165.30709;136.686758;103.378613;197.875054;58.474299;242.779368;119.415868;154.204375;131.752218;0.246727
20200731-2;summer;4;182.57798;165.060363;136.193304;103.62534;197.628327;58.474299;242.285914;119.415868;154.204375;127.557859;0.246727
20200731-2;summer;5;182.084526;164.566909;136.686758;103.131886;198.615235;58.227572;243.766276;119.909322;152.477286;131.258764;0.246727
20200731-2;summer;6;183.564888;165.800544;136.686758;103.872067;198.121781;58.967753;243.272822;119.415868;153.217467;120.402776;0.246727
20200731-2;summer;7;181.591072;165.060363;136.193304;103.378613;197.134873;58.474299;242.285914;119.415868;150.750197;129.778402;0.246727
20200731-2;summer;8;183.071434;164.566909;136.686758;103.872067;198.121781;58.474299;243.519549;119.415868;152.477286;131.258764;0.246727
20200731-2;summer;9;182.331253;165.060363;136.440031;102.885159;197.628327;58.721026;242.779368;119.662595;150.750197;129.284948;0.246727
20200731-2;summer;10;182.331253;164.813636;136.440031;101.651524;197.628327;58.227572;242.532641;117.935506;152.724013;130.76531;0.246727
20200731-3;summer;1;182.57798;164.566909;136.686758;103.62534;197.628327;57.980845;243.272822;119.169141;150.750197;129.531675;0.246727
20200731-3;summer;2;181.591072;165.060363;137.180212;102.885159;197.628327;57.980845;243.272822;118.922414;150.010016;128.791494;0.246727
20200731-3;summer;3;182.331253;165.060363;136.440031;103.62534;197.3816;58.474299;243.026095;119.169141;154.451102;131.258764;0.246727
20200731-3;summer;4;182.57798;165.060363;136.193304;103.62534;197.628327;58.474299;242.285914;119.662595;153.957648;127.311132;0.246727
20200731-3;summer;5;181.837799;164.073455;136.686758;103.131886;197.875054;57.980845;243.766276;118.675687;152.477286;130.025129;0.246727
20200731-3;summer;6;182.57798;165.553817;136.686758;104.118794;198.121781;58.967753;243.272822;119.169141;152.477286;119.169141;0.246727
20200731-3;summer;7;181.837799;165.060363;135.946577;104.365521;197.134873;58.474299;242.285914;119.415868;151.490378;130.518583;0.246727
20200731-3;summer;8;183.318161;164.566909;136.933485;104.118794;198.368508;58.474299;243.519549;119.415868;151.490378;127.557859;0.246727
20200731-3;summer;9;181.837799;165.060363;136.193304;103.62534;197.875054;58.721026;242.532641;119.662595;150.50347;129.038221;0.246727
20200731-3;summer;10;182.824707;164.566909;136.686758;102.391705;197.628327;58.474299;242.779368;118.182233;151.983832;130.271856;0.246727
20200804-2;summer;1;162.346366;167.280906;117.688779;106.339337;178.630348;61.188296;224.274843;122.623319;131.752218;133.972761;0.246727
20200804-2;summer;2;161.852912;166.787452;117.688779;104.365521;178.630348;60.694842;224.274843;122.129865;133.726034;132.739126;0.246727
20200804-2;summer;3;160.619277;167.77436;117.688779;106.339337;179.617256;61.68175;224.768297;122.623319;130.025129;131.998945;0.246727
20200804-2;summer;4;164.073455;167.527633;117.935506;105.599156;179.370529;60.941569;224.52157;122.129865;134.466215;130.76531;0.246727
20200804-2;summer;5;162.83982;167.280906;117.935506;104.858975;179.123802;60.448115;224.52157;123.116773;133.726034;133.23258;0.246727
20200804-2;summer;6;162.346366;167.77436;118.182233;105.599156;179.370529;60.941569;224.768297;123.116773;133.23258;131.258764;0.246727
20200804-2;summer;7;161.359458;167.77436;117.195325;106.832791;179.123802;61.435023;224.274843;122.870046;132.739126;130.271856;0.246727
20200804-2;summer;8;162.593093;167.034179;118.182233;105.599156;179.617256;61.435023;224.768297;120.89623;134.219488;132.739126;0.246727
20200804-2;summer;9;162.83982;167.280906;117.688779;104.858975;179.123802;61.188296;224.028116;122.376592;132.492399;130.518583;0.246727
20200804-2;summer;10;162.346366;167.034179;118.182233;104.858975;179.863983;60.941569;224.768297;122.870046;134.959669;132.245672;0.246727
20200810-2;summer;1;180.604164;161.852912;135.69985;99.924435;197.628327;55.513575;242.039187;117.195325;151.983832;127.064405;0.246727
20200810-2;summer;2;181.097618;161.112731;135.453123;99.184254;197.875054;54.526667;242.285914;116.701871;151.737105;126.324224;0.246727
20200810-2;summer;3;179.863983;161.359458;135.69985;100.171162;198.121781;55.760302;242.285914;116.701871;151.737105;126.817678;0.246727
20200810-2;summer;4;179.370529;161.112731;135.69985;98.937527;197.628327;55.266848;241.79246;116.701871;149.763289;125.83077;0.246727
20200810-2;summer;5;180.11071;161.112731;135.69985;98.937527;197.628327;55.020121;242.285914;116.208417;150.750197;125.337316;0.246727
20200810-2;summer;6;180.11071;162.346366;135.69985;100.171162;198.121781;55.760302;242.285914;117.688779;150.50347;125.337316;0.246727
20200810-2;summer;7;180.11071;161.852912;134.959669;100.171162;197.628327;55.760302;241.299006;117.688779;150.50347;125.337316;0.246727
20200810-2;summer;8;180.850891;162.099639;136.193304;99.184254;197.628327;55.266848;242.285914;117.688779;151.737105;125.584043;0.246727
20200810-2;summer;9;180.850891;161.359458;135.69985;99.430981;197.628327;55.020121;241.79246;117.195325;150.256743;124.843862;0.246727
